op_id	desc	proc	level
0	Operation <0>		
1	__dummy <1>	CPU Processor 0x1d00010000000001	2
2	main <2>	CPU Processor 0x1d00000000000001	2
3	eval_samples <3>	CPU Processor 0x1d00010000000001	2
5	eval_samples <5>	CPU Processor 0x1d00010000000001	2
6	Fence Operation <6>		
7	eval_samples <7>	CPU Processor 0x1d00010000000001	2
8	__dummy <8>	CPU Processor 0x1d00000000000001	3
9	eval_samples <9>	CPU Processor 0x1d00010000000001	2
10	Fence Operation <10>		
11	eval_samples <11>	CPU Processor 0x1d00010000000001	2
12	Task Operation <12>		
13	eval_samples <13>	CPU Processor 0x1d00010000000001	2
14	Mapping Operation <14>		
15	eval_samples <15>	CPU Processor 0x1d00010000000001	2
16	Fill Operation <16>		
17	eval_samples <17>	CPU Processor 0x1d00010000000001	2
18	Pending Partition Operation <18>		
19	eval_samples <19>	CPU Processor 0x1d00010000000001	2
20	Pending Partition Operation <20>		
21	eval_samples <21>	CPU Processor 0x1d00010000000001	2
22	Mapping Operation <22>		
23	eval_samples <23>	CPU Processor 0x1d00010000000001	2
24	eval_samples <24>	CPU Processor 0x1d00000000000001	3
25	eval_samples <25>	CPU Processor 0x1d00010000000001	2
26	Task Operation <26>		
27	eval_samples <27>	CPU Processor 0x1d00010000000001	2
28	eval_samples <28>	CPU Processor 0x1d00000000000001	3
29	eval_samples <29>	CPU Processor 0x1d00010000000001	2
30	Task Operation <30>		
31	eval_samples <31>	CPU Processor 0x1d00010000000001	2
32	eval_samples <32>	CPU Processor 0x1d00000000000001	3
33	calc_var <33>	CPU Processor 0x1d00010000000001	2
34	Task Operation <34>		
35	calc_var <35>	CPU Processor 0x1d00010000000001	2
36	eval_samples <36>	CPU Processor 0x1d00000000000001	3
37	calc_var <37>	CPU Processor 0x1d00010000000001	2
38	Task Operation <38>		
39	eval_samples <39>	CPU Processor 0x1d00010000000001	2
40	eval_samples <40>	CPU Processor 0x1d00000000000001	3
41	calc_var <41>	CPU Processor 0x1d00010000000001	2
42	Task Operation <42>		
43	calc_var <43>	CPU Processor 0x1d00010000000001	2
44	Mapping Operation <44>		
45	calc_var <45>	CPU Processor 0x1d00010000000001	2
46	Advance Operation <46>		
47	__dummy <47>	CPU Processor 0x1d00010000000001	2
48	Open Operation <48>		
50	Open Operation <50>		
52	Open Operation <52>		
54	Open Operation <54>		
56	Open Operation <56>		
58	Open Operation <58>		
60	Open Operation <60>		
62	Open Operation <62>		
64	Open Operation <64>		
66	Open Operation <66>		
68	Open Operation <68>		
70	Open Operation <70>		
72	Open Operation <72>		
74	Open Operation <74>		
76	Open Operation <76>		
78	Open Operation <78>		
80	Open Operation <80>		
82	Open Operation <82>		
84	Open Operation <84>		
86	Open Operation <86>		
88	Inter Close Operation <88>		
90	Read Close Operation <90>		
92	eval_samples <92>	CPU Processor 0x1d00000000000001	3
94	Task Operation <94>		
96	eval_samples <96>	CPU Processor 0x1d00000000000001	3
98	Task Operation <98>		
100	Advance Operation <100>		
102	eval_samples <102>	CPU Processor 0x1d00000000000001	3
104	Open Operation <104>		
106	Task Operation <106>		
108	eval_samples <108>	CPU Processor 0x1d00000000000001	3
110	Task Operation <110>		
112	eval_samples <112>	CPU Processor 0x1d00000000000001	3
114	Open Operation <114>		
116	Task Operation <116>		
118	Mapping Operation <118>		
120	Open Operation <120>		
122	Open Operation <122>		
124	Open Operation <124>		
126	Open Operation <126>		
128	Open Operation <128>		
130	Open Operation <130>		
132	Open Operation <132>		
134	Open Operation <134>		
136	Open Operation <136>		
138	Open Operation <138>		
140	Open Operation <140>		
142	Open Operation <142>		
144	Open Operation <144>		
146	Open Operation <146>		
148	Open Operation <148>		
150	Open Operation <150>		
152	Open Operation <152>		
154	Open Operation <154>		
156	Inter Close Operation <156>		
158	Read Close Operation <158>		
160	eval_samples <160>	CPU Processor 0x1d00000000000001	3
162	Task Operation <162>		
164	eval_samples <164>	CPU Processor 0x1d00000000000001	3
166	Task Operation <166>		
168	Advance Operation <168>		
170	Open Operation <170>		
172	eval_samples <172>	CPU Processor 0x1d00000000000001	3
174	Task Operation <174>		
176	eval_samples <176>	CPU Processor 0x1d00000000000001	3
178	Task Operation <178>		
180	Open Operation <180>		
182	eval_samples <182>	CPU Processor 0x1d00000000000001	3
184	Task Operation <184>		
186	Mapping Operation <186>		
188	Open Operation <188>		
190	Open Operation <190>		
192	Open Operation <192>		
194	Open Operation <194>		
196	Open Operation <196>		
198	Open Operation <198>		
200	Open Operation <200>		
202	Open Operation <202>		
204	Open Operation <204>		
206	Open Operation <206>		
208	Open Operation <208>		
210	Open Operation <210>		
212	Open Operation <212>		
214	Open Operation <214>		
216	Open Operation <216>		
218	Open Operation <218>		
220	Open Operation <220>		
222	Open Operation <222>		
224	Inter Close Operation <224>		
226	Read Close Operation <226>		
228	calc_mean <228>	CPU Processor 0x1d00000000000001	3
230	Open Operation <230>		
232	Task Operation <232>		
234	calc_mean <234>	CPU Processor 0x1d00000000000001	3
236	Open Operation <236>		
238	Task Operation <238>		
240	calc_mean <240>	CPU Processor 0x1d00000000000001	3
242	Open Operation <242>		
244	Task Operation <244>		
246	Mapping Operation <246>		
248	Read Close Operation <248>		
250	eval_samples <250>	CPU Processor 0x1d00000000000001	3
252	Task Operation <252>		
254	Mapping Operation <254>		
256	Advance Operation <256>		
258	Open Operation <258>		
260	Open Operation <260>		
262	Open Operation <262>		
264	Open Operation <264>		
266	Inter Close Operation <266>		
268	Read Close Operation <268>		
270	Mapping Operation <270>		
272	Mapping Operation <272>		
274	calc_mean <274>	CPU Processor 0x1d00000000000001	3
276	Open Operation <276>		
278	Task Operation <278>		
280	calc_mean <280>	CPU Processor 0x1d00000000000001	3
282	Open Operation <282>		
284	Task Operation <284>		
286	calc_mean <286>	CPU Processor 0x1d00000000000001	3
288	Open Operation <288>		
290	Task Operation <290>		
292	Fence Operation <292>		
294	__dummy <294>	CPU Processor 0x1d00000000000001	3
296	Fence Operation <296>		
298	Task Operation <298>		
300	Fence Operation <300>		
302	__dummy <302>	CPU Processor 0x1d00000000000001	3
304	Deletion Operation <304>		
